-- Adminer 4.6.2 MySQL dump

SET NAMES utf8;
SET time_zone = '+00:00';
SET foreign_key_checks = 0;
SET sql_mode = 'NO_AUTO_VALUE_ON_ZERO';

SET NAMES utf8mb4;


CREATE DATABASE `edu_app`;

DROP TABLE IF EXISTS `admins`;
CREATE TABLE `admins` (
  `admin_id` int(11) NOT NULL AUTO_INCREMENT,
  `first_name` varchar(255) COLLATE utf8mb4_unicode_ci DEFAULT NULL,
  `last_name` varchar(255) COLLATE utf8mb4_unicode_ci DEFAULT NULL,
  `admin_email` varchar(255) COLLATE utf8mb4_unicode_ci NOT NULL,
  `admin_pass` varchar(255) COLLATE utf8mb4_unicode_ci NOT NULL,
  `created_at` varchar(255) COLLATE utf8mb4_unicode_ci NOT NULL DEFAULT 'current_timestamp()',
  `updated_at` varchar(255) COLLATE utf8mb4_unicode_ci NOT NULL DEFAULT 'current_timestamp()',
  `access_level` tinyint(4) DEFAULT NULL COMMENT ' EMPTY : NO ACCESS\n 1: ROOT\n 2: MANAGER\n 3: EMPLOYEE',
  `deleted_at` varchar(255) COLLATE utf8mb4_unicode_ci,
  PRIMARY KEY (`admin_id`),
  UNIQUE KEY `admins_email_uindex` (`admin_email`)
) ENGINE=InnoDB DEFAULT CHARSET=utf8mb4 COLLATE=utf8mb4_unicode_ci COMMENT='Admin table for handling admins accounts';

INSERT INTO `admins` (`admin_id`, `first_name`, `last_name`, `admin_email`, `admin_pass`, `created_at`, `updated_at`, `access_level`, `deleted_at`) VALUES
  (1,	NULL,	NULL,	'gopalindians@gmail.com',	'$2y$10$f4dZkMNhBl957hq6f2chXeXuNoMWtaGxFivKNblntCJSbVUmnwMiC',	'2018-02-24T19:28:44+00:00',	'2018-02-24T19:28:44+00:00',	NULL,	'current_timestamp()');

DROP TABLE IF EXISTS `flagged_questions`;
CREATE TABLE `flagged_questions` (
  `fq_id` int(11) NOT NULL AUTO_INCREMENT,
  `question_id` int(11) NOT NULL,
  `user_id` int(11) NOT NULL,
  `report_type` varchar(255) COLLATE utf8mb4_unicode_ci DEFAULT NULL,
  `created_at` varchar(255) COLLATE utf8mb4_unicode_ci NOT NULL DEFAULT 'current_timestamp()',
  `updated_at` varchar(255) COLLATE utf8mb4_unicode_ci NOT NULL DEFAULT 'current_timestamp()',
  `deleted_at` varchar(255) COLLATE utf8mb4_unicode_ci DEFAULT NULL,
  `status` tinyint(1) NOT NULL DEFAULT 0 COMMENT '0 not resolved\n1 working\n2 resolved\n3 other                              ',
  PRIMARY KEY (`fq_id`)
) ENGINE=InnoDB DEFAULT CHARSET=utf8mb4 COLLATE=utf8mb4_unicode_ci;

INSERT INTO `flagged_questions` (`fq_id`, `question_id`, `user_id`, `report_type`, `created_at`, `updated_at`, `deleted_at`, `status`) VALUES
  (1,	49,	0,	'spam',	'2018-02-25T20:44:42+00:00',	'2018-02-25T20:44:42+00:00',	NULL,	0),
  (2,	49,	0,	'spam',	'2018-02-25T20:46:25+00:00',	'2018-02-25T20:46:25+00:00',	NULL,	0),
  (3,	49,	0,	'spam',	'2018-02-25T20:46:50+00:00',	'2018-02-25T20:46:50+00:00',	NULL,	0),
  (4,	49,	0,	'spam',	'2018-02-25T20:46:50+00:00',	'2018-02-25T20:46:50+00:00',	NULL,	0),
  (5,	49,	0,	'spam',	'2018-02-25T20:46:50+00:00',	'2018-02-25T20:46:50+00:00',	NULL,	0),
  (6,	52,	0,	'spam',	'2018-03-11T16:31:16+00:00',	'2018-03-11T16:31:16+00:00',	NULL,	0);

DROP TABLE IF EXISTS `questions`;
CREATE TABLE `questions` (
  `question_id` int(11) NOT NULL AUTO_INCREMENT,
  `question_text` varchar(255) COLLATE utf8mb4_unicode_ci NOT NULL,
  `question_description` longtext COLLATE utf8mb4_unicode_ci NOT NULL,
  `created_at` varchar(30) COLLATE utf8mb4_unicode_ci DEFAULT 'current_timestamp()',
  `updated_at` varchar(30) COLLATE utf8mb4_unicode_ci DEFAULT 'current_timestamp()',
  `deleted_at` varchar(30) COLLATE utf8mb4_unicode_ci DEFAULT NULL,
  `question_posted_by` int(11) NOT NULL,
  `question_slug` varchar(255) COLLATE utf8mb4_unicode_ci NOT NULL,
  PRIMARY KEY (`question_id`)
) ENGINE=InnoDB DEFAULT CHARSET=utf8mb4 COLLATE=utf8mb4_unicode_ci;

INSERT INTO `questions` (`question_id`, `question_text`, `question_description`, `created_at`, `updated_at`, `deleted_at`, `question_posted_by`, `question_slug`) VALUES
  (34,	'Hello oye new queson',	'Hanji',	'2018-02-08 19:36:53+00:00',	'2018-02-08 19:36:53',	NULL,	28,	'Hello-oye-new-queson'),
  (35,	'Hello oye new queson',	'Hanji',	'2018-02-08 19:37:42+00:00',	'2018-02-08 19:37:42',	NULL,	28,	'hello-oye-new-queson'),
  (36,	'Passing variable from controller to view in CodeIgniter',	'I\'m new to Codeigniter and OOP PHP.  Controller:  public function index(){     $this->load->model(\'main_model\');     $planet = $this->main_model->solar();     $this->load->view(\'main_view\', $planet);         } If echo $planet in the controller it does what it\'s supposed to do. If I echo $planet in the view I get an undefined variable error.  $planet is not an array. Why isn\'t the $planet variable being passed to the view?  I know this is a simple and basic question and I\'m embarrassed that I can\'t figure out what I\'m doing wrong.  EDIT: Okay, after more fiddling around, I got it to work. Can variables only be passed from Controller to View when they\'re formatted as an array?',	'2018-02-08 19:50:08+00:00',	'2018-02-08 19:50:08',	NULL,	28,	'passing-variable-from-controller-to-view-in-codeigniter'),
  (37,	'To th epoint',	'hello Description',	'2018-02-08 19:55:30+00:00',	'2018-02-08 19:55:30',	NULL,	28,	'to-th-epoint'),
  (38,	'This is atest qquestion',	'hello question description',	'2018-02-10 06:08:33+00:00',	'2018-02-10 06:08:33',	NULL,	28,	'this-is-atest-qquestion'),
  (39,	'ipoipipipiHello oye new queson',	'khkj',	'2018-02-10 19:16:38+00:00',	'2018-02-10 19:16:38',	NULL,	40,	'ipoipipipihello-oye-new-queson'),
  (40,	'Passing variable from controller to view in CodeIgniter',	'Passing variable from controller to view in CodeIgniter',	'2018-02-10 19:19:37+00:00',	'2018-02-10 19:19:37',	NULL,	40,	'passing-variable-from-controller-to-view-in-codeigniter'),
  (41,	'Passing variable from controller to view in CodeIgniter',	'Hello',	'2018-02-10 19:24:49+00:00',	'2018-02-10 19:24:49',	NULL,	40,	'passing-variable-from-controller-to-view-in-codeigniter'),
  (42,	'test question for testing',	'test question for testing',	'2018-02-11 19:36:34+00:00',	'2018-02-11 19:36:34',	NULL,	40,	'test-question-for-testing'),
  (43,	'{}()UUIIIPassing variable from controller to view in CodeIgniter',	'Hello',	'2018-02-15 01:37:36+00:00',	'2018-02-15 01:37:36',	NULL,	40,	'{}()uuiiipassing-variable-from-controller-to-view-in-codeigniter'),
  (44,	'हिन्दी{}()UUIIIPassing variable from controller to view in CodeIgniter',	'हिन्दीHello',	'2018-02-15 01:38:54+00:00',	'2018-02-15 01:38:54',	NULL,	40,	'हिन्दी{}()uuiiipassing-variable-from-controller-to-view-in-codeigniter'),
  (45,	'हिन्दी{}()UUIIIPassing variable from controller to view in CodeIgniter',	'hh',	'2018-02-15 01:46:38+00:00',	'2018-02-15 01:46:38',	NULL,	40,	'हिन्दी{}()uuiiipassing-variable-from-controller-to-view-in-codeigniter'),
  (46,	'7b7duuiiipassing-variable-from-controller-to-view-in-codeigniter',	'हिन्दी%7B%7D()uuiiipassing-variable-from-controller-to-view-in-codeigniter',	'2018-02-15 01:48:21+00:00',	'2018-02-15 01:48:21',	NULL,	40,	'7b7duuiiipassing-variable-from-controller-to-view-in-codeigniter'),
  (47,	'7b7duuiiipassing-variable-from-controller-to-view-in-codeigniter हिन्दी%7B%7D()uuiiipassing-variable-from-controller-to-view-in-codeigniter',	'7b7duuiiipassing-variable-from-controller-to-view-in-codeigniter हिन्दी%7B%7D()uuiiipassing-variable-from-controller-to-view-in-codeigniter',	'2018-02-15 02:08:50+00:00',	'2018-02-15 02:08:50',	NULL,	40,	'7b7duuiiipassing-variable-from-controller-to-view-in-codeigniter-7b7duuiiipassing-variable-from-controller-to-view-in-codeigniter'),
  (48,	'Who is the father of physics?',	'Asked in SSC CGL 2012 2nd Shift.',	'2018-02-24 11:39:49+00:00',	'2018-02-24 11:39:49',	NULL,	28,	'who-is-the-father-of-physics'),
  (49,	'Oye hello kya haal bai',	'Na',	'2018-02-24 11:42:52+00:00',	'2018-02-24 11:42:52',	NULL,	28,	'oye-hello-kya-haal-bai'),
  (50,	'Who is the author of rashmi rathi?',	'This question  was asked in many exams.',	'2018-03-10T16:58:27+00:00',	'2018-03-10T16:58:27+00:00',	NULL,	28,	'who-is-the-author-of-rashmi-rathi'),
  (51,	'test question for testing',	'Hanji',	'2018-03-10T17:04:17+00:00',	'2018-03-10T17:04:17+00:00',	NULL,	28,	'test-question-for-testing'),
  (52,	'We are jsu testing new questions on our site?',	'We are jsu testing new questions on our site?',	'2018-03-11T06:05:45+00:00',	'2018-03-11T06:05:45+00:00',	NULL,	28,	'we-are-jsu-testing-new-questions-on-our-site');

DROP TABLE IF EXISTS `question_comments`;
CREATE TABLE `question_comments` (
  `qc_id` int(11) NOT NULL AUTO_INCREMENT,
  `question_id` int(11) NOT NULL,
  `user_id` int(11) NOT NULL,
  `created_at` varchar(30) COLLATE utf8mb4_unicode_ci NOT NULL DEFAULT 'current_timestamp()',
  `updated_at` varchar(30) COLLATE utf8mb4_unicode_ci NOT NULL DEFAULT 'current_timestamp()',
  `deleted_at` varchar(30) COLLATE utf8mb4_unicode_ci,
  `comment_body` longtext COLLATE utf8mb4_unicode_ci NOT NULL,
  PRIMARY KEY (`qc_id`)
) ENGINE=InnoDB DEFAULT CHARSET=utf8mb4 COLLATE=utf8mb4_unicode_ci;

INSERT INTO `question_comments` (`qc_id`, `question_id`, `user_id`, `created_at`, `updated_at`, `deleted_at`, `comment_body`) VALUES
  (1,	48,	28,	'2018-03-10T14:21:55+',	'2018-03-10T14:21:55+00:00',	NULL,	'Hello'),
  (2,	48,	28,	'2018-03-10T14:41:05+',	'2018-03-10T14:41:05+00:00',	NULL,	'Oye '),
  (3,	48,	28,	'2018-03-10T14:45:01+',	'2018-03-10T14:45:01+00:00',	NULL,	'Ni'),
  (4,	48,	28,	'2018-03-10T14:54:16+',	'2018-03-10T14:54:16+00:00',	NULL,	'I Am not'),
  (5,	48,	28,	'2018-03-10T14:55:46+',	'2018-03-10T14:55:46+00:00',	NULL,	'hello'),
  (6,	48,	40,	'2018-03-10T14:58:43+',	'2018-03-10T14:58:43+00:00',	NULL,	'You aare awesome'),
  (10,	48,	28,	'2018-03-10T15:39:50+00:00',	'2018-03-10T15:39:50+00:00',	NULL,	'Nope'),
  (11,	48,	28,	'2018-03-10T15:42:17+00:00',	'2018-03-10T15:42:17+00:00',	NULL,	'KO'),
  (12,	47,	40,	'2018-03-10T15:43:45+00:00',	'2018-03-10T15:43:45+00:00',	NULL,	'LO'),
  (13,	47,	40,	'2018-03-10T15:43:58+00:00',	'2018-03-10T15:43:58+00:00',	NULL,	'Hello'),
  (14,	34,	28,	'2018-03-10T15:57:05+00:00',	'2018-03-10T15:57:05+00:00',	NULL,	'Acha'),
  (15,	50,	40,	'2018-03-10T17:08:52+00:00',	'2018-03-10T17:08:52+00:00',	NULL,	'Hanji'),
  (16,	50,	40,	'2018-03-10T17:33:26+00:00',	'2018-03-10T17:33:26+00:00',	NULL,	'Hello'),
  (17,	46,	28,	'2018-03-11T06:00:52+00:00',	'2018-03-11T06:00:52+00:00',	NULL,	'This was also asked in CGL 2nd SHIFT 2017'),
  (18,	52,	40,	'2018-03-11T06:18:27+00:00',	'2018-03-11T06:18:27+00:00',	NULL,	'Test comment'),
  (19,	52,	28,	'2018-03-11T06:52:33+00:00',	'2018-03-11T06:52:33+00:00',	NULL,	'dwedew'),
  (20,	52,	28,	'2018-03-11T06:52:39+00:00',	'2018-03-11T06:52:39+00:00',	NULL,	'dqwd'),
  (21,	52,	28,	'2018-03-11T06:53:05+00:00',	'2018-03-11T06:53:05+00:00',	NULL,	'Installation using Composer\r\nAdd the dependency:\r\n\r\nphp composer.phar require sonata-project/google-authenticator\r\nIf asked for a version, type in \'dev-master\' (unless you want another version):\r\n\r\nPlease provide a version constraint for the sonata-project/google-authenticator requirement: dev-master\r\nUsage\r\nSee example.php for how to use it.\r\n\r\nThere\'s a little web app showing how it works in web/, please make users.dat writeable for the webserver, doesn\'t really work otherwise (it can\'t save the secret). Try to login with chregu/foobar.\r\n\r\nWhat\'s missing in the example:\r\n\r\nPrevent replay attacks. One token shou'),
  (22,	52,	28,	'2018-03-11T06:53:32+00:00',	'2018-03-11T06:53:32+00:00',	NULL,	'Installation using Composer\r\nAdd the dependency:\r\n\r\nphp composer.phar require sonata-project/google-authenticator\r\nIf asked for a version, type in \'dev-master\' (unless you want another version):\r\n\r\nPlease provide a version constraint for the sonata-project/google-authenticator requirement: dev-master\r\nUsage\r\nSee example.php for how to use it.\r\n\r\nThere\'s a little web app showing how it works in web/, please make users.dat writeable for the webserver, doesn\'t really work otherwise (it can\'t save the secret). Try to login with chregu/foobar.\r\n\r\nWhat\'s missing in the example:\r\n\r\nPrevent replay attacks. One token shouInstallation using Composer\r\nAdd the dependency:\r\n\r\nphp composer.phar require sonata-project/google-authenticator\r\nIf asked for a version, type in \'dev-master\' (unless you want another version):\r\n\r\nPlease provide a version constraint for the sonata-project/google-authenticator requirement: dev-master\r\nUsage\r\nSee example.php for how to use it.\r\n\r\nThere\'s a little web app showing how it works in web/, please make users.dat writeable for the webserver, doesn\'t really work otherwise (it can\'t save the secret). Try to login with chregu/foobar.\r\n\r\nWhat\'s missing in the example:\r\n\r\nPrevent replay attacks. One token shouInstallation using Composer\r\nAdd the dependency:\r\n\r\nphp composer.phar require sonata-project/google-authenticator\r\nIf asked for a version, type in \'dev-master\' (unless you want another version):\r\n\r\nPlease provide a version constraint for the sonata-project/google-authenticator requirement: dev-master\r\nUsage\r\nSee example.php for how to use it.\r\n\r\nThere\'s a little web app showing how it works in web/, please make users.dat writeable for the webserver, doesn\'t really work otherwise (it can\'t save the secret). Try to login with chregu/foobar.\r\n\r\nWhat\'s missing in the example:\r\n\r\nPrevent replay attacks. One token shouInstallation using Composer\r\nAdd the dependency:\r\n\r\nphp composer.phar require sonata-project/google-authenticator\r\nIf asked for a version, type in \'dev-master\' (unless you want another version):\r\n\r\nPlease provide a version constraint for the sonata-project/google-authenticator requirement: dev-master\r\nUsage\r\nSee example.php for how to use it.\r\n\r\nThere\'s a little web app showing how it works in web/, please make users.dat writeable for the webserver, doesn\'t really work otherwise (it can\'t save the secret). Try to login with chregu/foobar.\r\n\r\nWhat\'s missing in the example:\r\n\r\nPrevent replay attacks. One token shouInstallation using Composer\r\nAdd the dependency:\r\n\r\nphp composer.phar require sonata-project/google-authenticator\r\nIf asked for a version, type in \'dev-master\' (unless you want another version):\r\n\r\nPlease provide a version constraint for the sonata-project/google-authenticator requirement: dev-master\r\nUsage\r\nSee example.php for how to use it.\r\n\r\nThere\'s a little web app showing how it works in web/, please make users.dat writeable for the webserver, doesn\'t really work otherwise (it can\'t save the secret). Try to login with chregu/foobar.\r\n\r\nWhat\'s missing in the example:\r\n\r\nPrevent replay attacks. One token shouInstallation using Composer\r\nAdd the dependency:\r\n\r\nphp composer.phar require sonata-project/google-authenticator\r\nIf asked for a version, type in \'dev-master\' (unless you want another version):\r\n\r\nPlease provide a version constraint for the sonata-project/google-authenticator requirement: dev-master\r\nUsage\r\nSee example.php for how to use it.\r\n\r\nThere\'s a little web app showing how it works in web/, please make users.dat writeable for the webserver, doesn\'t really work otherwise (it can\'t save the secret). Try to login with chregu/foobar.\r\n\r\nWhat\'s missing in the example:\r\n\r\nPrevent replay attacks. One token shouInstallation using Composer\r\nAdd the dependency:\r\n\r\nphp composer.phar require sonata-project/google-authenticator\r\nIf asked for a version, type in \'dev-master\' (unless you want another version):\r\n\r\nPlease provide a version constraint for the sonata-project/google-authenticator requirement: dev-master\r\nUsage\r\nSee example.php for how to use it.\r\n\r\nThere\'s a little web app showing how it works in web/, please make users.dat writeable for the webserver, doesn\'t really work otherwise (it can\'t save the secret). Try to login with chregu/foobar.\r\n\r\nWhat\'s missing in the example:\r\n\r\nPrevent replay attacks. One token shouInstallation using Composer\r\nAdd the dependency:\r\n\r\nphp composer.phar require sonata-project/google-authenticator\r\nIf asked for a version, type in \'dev-master\' (unless you want another version):\r\n\r\nPlease provide a version constraint for the sonata-project/google-authenticator requirement: dev-master\r\nUsage\r\nSee example.php for how to use it.\r\n\r\nThere\'s a little web app showing how it works in web/, please make users.dat writeable for the webserver, doesn\'t really work otherwise (it can\'t save the secret). Try to login with chregu/foobar.\r\n\r\nWhat\'s missing in the example:\r\n\r\nPrevent replay attacks. One token shouInstallation using Composer\r\nAdd the dependency:\r\n\r\nphp composer.phar require sonata-project/google-authenticator\r\nIf asked for a version, type in \'dev-master\' (unless you want another version):\r\n\r\nPlease provide a version constraint for the sonata-project/google-authenticator requirement: dev-master\r\nUsage\r\nSee example.php for how to use it.\r\n\r\nThere\'s a little web app showing how it works in web/, please make users.dat writeable for the webserver, doesn\'t really work otherwise (it can\'t save the secret). Try to login with chregu/foobar.\r\n\r\nWhat\'s missing in the example:\r\n\r\nPrevent replay attacks. One token shou\r\n\r\nInstallation using Composer\r\nAdd the dependency:\r\n\r\nphp composer.phar require sonata-project/google-authenticator\r\nIf asked for a version, type in \'dev-master\' (unless you want another version):\r\n\r\nPlease provide a version constraint for the sonata-project/google-authenticator requirement: dev-master\r\nUsage\r\nSee example.php for how to use it.\r\n\r\nThere\'s a little web app showing how it works in web/, please make users.dat writeable for the webserver, doesn\'t really work otherwise (it can\'t save the secret). Try to login with chregu/foobar.\r\n\r\nWhat\'s missing in the example:\r\n\r\nPrevent replay attacks. One token shouInstallation using Composer\r\nAdd the dependency:\r\n\r\nphp composer.phar require sonata-project/google-authenticator\r\nIf asked for a version, type in \'dev-master\' (unless you want another version):\r\n\r\nPlease provide a version constraint for the sonata-project/google-authenticator requirement: dev-master\r\nUsage\r\nSee example.php for how to use it.\r\n\r\nThere\'s a little web app showing how it works in web/, please make users.dat writeable for the webserver, doesn\'t really work otherwise (it can\'t save the secret). Try to login with chregu/foobar.\r\n\r\nWhat\'s missing in the example:\r\n\r\nPrevent replay attacks. One token shou\r\n\r\nInstallation using Composer\r\nAdd the dependency:\r\n\r\nphp composer.phar require sonata-project/google-authenticator\r\nIf asked for a version, type in \'dev-master\' (unless you want another version):\r\n\r\nPlease provide a version constraint for the sonata-project/google-authenticator requirement: dev-master\r\nUsage\r\nSee example.php for how to use it.\r\n\r\nThere\'s a little web app showing how it works in web/, please make users.dat writeable for the webserver, doesn\'t really work otherwise (it can\'t save the secret). Try to login with chregu/foobar.\r\n\r\nWhat\'s missing in the example:\r\n\r\nPrevent replay attacks. One token shouInstallation using Composer\r\nAdd the dependency:\r\n\r\nphp composer.phar require sonata-project/google-authenticator\r\nIf asked for a version, type in \'dev-master\' (unless you want another version):\r\n\r\nPlease provide a version constraint for the sonata-project/google-authenticator requirement: dev-master\r\nUsage\r\nSee example.php for how to use it.\r\n\r\nThere\'s a little web app showing how it works in web/, please make users.dat writeable for the webserver, doesn\'t really work otherwise (it can\'t save the secret). Try to login with chregu/foobar.\r\n\r\nWhat\'s missing in the example:\r\n\r\nPrevent replay attacks. One token shouInstallation using Composer\r\nAdd the dependency:\r\n\r\nphp composer.phar require sonata-project/google-authenticator\r\nIf asked for a version, type in \'dev-master\' (unless you want another version):\r\n\r\nPlease provide a version constraint for the sonata-project/google-authenticator requirement: dev-master\r\nUsage\r\nSee example.php for how to use it.\r\n\r\nThere\'s a little web app showing how it works in web/, please make users.dat writeable for the webserver, doesn\'t really work otherwise (it can\'t save the secret). Try to login with chregu/foobar.\r\n\r\nWhat\'s missing in the example:\r\n\r\nPrevent replay attacks. One token shouInstallation using Composer\r\nAdd the dependency:\r\n\r\nphp composer.phar require sonata-project/google-authenticator\r\nIf asked for a version, type in \'dev-master\' (unless you want another version):\r\n\r\nPlease provide a version constraint for the sonata-project/google-authenticator requirement: dev-master\r\nUsage\r\nSee example.php for how to use it.\r\n\r\nThere\'s a little web app showing how it works in web/, please make users.dat writeable for the webserver, doesn\'t really work otherwise (it can\'t save the secret). Try to login with chregu/foobar.\r\n\r\nWhat\'s missing in the example:\r\n\r\nPrevent replay attacks. One token shouInstallation using Composer\r\nAdd the dependency:\r\n\r\nphp composer.phar require sonata-project/google-authenticator\r\nIf asked for a version, type in \'dev-master\' (unless you want another version):\r\n\r\nPlease provide a version constraint for the sonata-project/google-authenticator requirement: dev-master\r\nUsage\r\nSee example.php for how to use it.\r\n\r\nThere\'s a little web app showing how it works in web/, please make users.dat writeable for the webserver, doesn\'t really work otherwise (it can\'t save the secret). Try to login with chregu/foobar.\r\n\r\nWhat\'s missing in the example:\r\n\r\nPrevent replay attacks. One token shou'),
  (23,	52,	28,	'2018-03-11T06:53:50+00:00',	'2018-03-11T06:53:50+00:00',	NULL,	'Hello\r\n\r\nHanji'),
  (24,	48,	28,	'2018-03-11T07:18:21+00:00',	'2018-03-11T07:18:21+00:00',	NULL,	'Oye'),
  (25,	48,	40,	'2018-03-11T14:04:29+00:00',	'2018-03-11T14:04:29+00:00',	NULL,	'Hanji'),
  (26,	48,	40,	'2018-03-11T14:04:40+00:00',	'2018-03-11T14:04:40+00:00',	NULL,	'Acha'),
  (27,	48,	40,	'2018-03-11T15:53:09+00:00',	'2018-03-11T15:53:09+00:00',	NULL,	'!@#$%^&amp;*()'),
  (28,	48,	40,	'2018-03-11T15:57:05+00:00',	'2018-03-11T15:57:05+00:00',	NULL,	'NaN'),
  (29,	48,	40,	'2018-03-11T15:57:14+00:00',	'2018-03-11T15:57:14+00:00',	NULL,	'999999999999999999999999999999999999999999999999999999999999999999999999999999999999999999999999'),
  (30,	48,	40,	'2018-03-11T15:57:32+00:00',	'2018-03-11T15:57:32+00:00',	NULL,	'Powerلُلُصّبُلُلصّبُررً ॣ ॣh ॣ ॣ冗\r\n????0????️\r\nజ్ఞ‌ా'),
  (31,	48,	40,	'2018-03-11T15:57:50+00:00',	'2018-03-11T15:57:50+00:00',	NULL,	'Roses are [0;31mred[0m, violets are [0;34mblue. Hope you enjoy terminal hue\r\nBut now...[20Cfor my greatest trick...[8m\r\nThe quick brown fox... [Beeeep]'),
  (32,	48,	40,	'2018-03-11T15:58:15+00:00',	'2018-03-11T15:58:15+00:00',	NULL,	'() { 0; }; touch /tmp/blns.shellshock1.fail;\r\n() { _; } &gt;_[$($())] { touch /tmp/blns.shellshock2.fail; }\r\n&lt;&lt;&lt; %s(un=\'%s\') = %u\r\n+++ATH0'),
  (33,	48,	40,	'2018-03-11T15:58:43+00:00',	'2018-03-11T15:58:43+00:00',	NULL,	'../../../../../../../../../../../etc/passwd\r\n../../../../../../../../../../../etc/hosts'),
  (34,	48,	40,	'2018-03-11T15:58:56+00:00',	'2018-03-11T15:58:56+00:00',	NULL,	'$HOME\r\n$ENV{\'HOME\'}\r\n%d\r\n%s%s%s%s%s\r\n{0}\r\n%*.*s\r\n%@\r\n%n\r\nFile:///'),
  (35,	48,	40,	'2018-03-11T15:59:10+00:00',	'2018-03-11T15:59:10+00:00',	NULL,	'&lt;?xml version=\"1.0\" encoding=\"ISO-8859-1\"?&gt;&lt;!DOCTYPE foo [ &lt;!ELEMENT foo ANY &gt;&lt;!ENTITY xxe SYSTEM \"file:///etc/passwd\" &gt;]&gt;&amp;xxe;'),
  (36,	48,	40,	'2018-03-11T15:59:25+00:00',	'2018-03-11T15:59:25+00:00',	NULL,	'eval(\"puts \'hello world\'\")\r\nSystem(\"ls -al /\")\r\n`ls -al /`\r\nKernel.exec(\"ls -al /\")\r\nKernel.exit(1)\r\n%x(\'ls -al /\')'),
  (37,	48,	40,	'2018-03-11T15:59:42+00:00',	'2018-03-11T15:59:42+00:00',	NULL,	'1;DROP TABLE users\r\n1\'; DROP TABLE users-- 1\r\n\' OR 1=1 -- 1\r\n\' OR \'1\'=\'1'),
  (38,	48,	40,	'2018-03-11T16:00:28+00:00',	'2018-03-11T16:00:28+00:00',	NULL,	'[removed]alert(123)[removed]\r\n[removed]alert(\'123\');[removed]\r\n\r\n&lt;&gt;[&gt;&gt;[&gt;[\r\n&gt;[ &gt;&lt;  &gt; &gt;\r\n &gt;&gt;\r\n--&amp;t=\"\r\n\';alert(123);t=\'\r\n[removed]alert(123)\r\n;alert(123);\r\n132)\r\n\"&gt;[removed]alert(123);[removed][removed]alert(123);[removed][removed]alert(123);[removed][removed]alert(1);[removed]\r\n[removed][removed]alert(1);[removed]\r\n[removed][removed]alert(1);[removed]\r\n[removed][removed]alert(1);[removed]\r\n[removed][removed]alert(1);[removed]\r\n[removed][removed]alert(1);[removed]\r\n[removed][removed]alert(1);[removed]\r\n\'`\"&gt;&lt;\\x3Cscript&gt;[removed]alert(1)[removed]\r\n\'`\"&gt;&lt;\\x00script&gt;[removed]alert(1)[removed]\r\nABC<div>DEF\r\nABC<div>DEF\r\nABC<div>DEF\r\nABC<div>DEF\r\nABC<div>DEF\r\nABC<div>DEF\r\nABC<div>DEF\r\nABC<div>DEF\r\nABC<div>DEF\r\nABC<div>DEF\r\nABC<div>DEF\r\nABC<div>DEF\r\nABC<div>DEF\r\nABC<div>DEF\r\nABC<div>DEF\r\nABC<div>DEF\r\nABC<div>DEF\r\nABC<div>DEF\r\nABC<div>DEF\r\nABC<div>DEF\r\nABC<div>DEF\r\nABC<div>DEF\r\nABC<div>DEF\r\nABC<div>DEF\r\nABC<div>DEF\r\nABC<div>DEF\r\nABC<div>DEF\r\n<a>test</a>\r\n<a>test</a>\r\n<a>test</a>\r\n<a>test</a>\r\n<a>test</a>\r\n<a>test</a>\r\n<a>test</a>\r\n<a>test</a>\r\n<a>test</a>\r\n<a>test</a>\r\n<a>test</a>\r\n<a>test</a>\r\n<a>test</a>\r\n<a>test</a>\r\n<a>test</a>\r\n<a>test</a>\r\n<a>test</a>\r\n<a>test</a>\r\n<a>test</a>\r\n<a>test</a>\r\n<a>test</a>\r\n<a>test</a>\r\n<a>test</a>\r\n<a>test</a>\r\n<a>test</a>\r\n<a>test</a>\r\n<a>test</a>\r\n<a>test</a>\r\n<a>test</a>\r\n<a>test</a>\r\n<a>test</a>\r\n<a>test</a>\r\n<a>test</a>\r\n<a>test</a>\r\n<a>test</a>\r\n<a>test</a>\r\n<a>test</a>\r\n<a>test</a>\r\n<a>test</a>\r\n<a>test</a>\r\n<a>test</a>\r\n<a>test</a>\r\n<a>test</a>\r\n<a>test</a>\r\n<a>test</a>\r\n<a>test</a>\r\n<a>test</a>\r\n<a>test</a>\r\n<a>test</a>\r\n<a>test</a>\r\n<a>test</a>\r\n<a>test</a>\r\n<a>test</a>\r\n<a>test</a>\r\n<a>test</a>\r\n<a>test</a>\r\n<a>test</a>\r\n`\"\'&gt;&lt; &gt;\r\n`\"\'&gt;&lt; &gt;\r\n`\"\'&gt;&lt; &gt;\r\n`\"\'&gt;&lt; &gt;\r\n`\"\'&gt;&lt; &gt;\r\n`\"\'&gt;&lt; &gt;\r\n`\"\'&gt;&lt; &gt;\r\n`\"\'&gt;&lt; &gt;\r\n`\"\'&gt;&lt; &gt;\r\n`\"\'&gt;&lt; &gt;\r\n\"`\'&gt;[removed]\\x3B[removed]alert(1)[removed]\r\n\"`\'&gt;[removed]\\x0D[removed]alert(1)[removed]\r\n\"`\'&gt;[removed]\\xEF\\xBB\\xBF[removed]alert(1)[removed]\r\n\"`\'&gt;[removed]\\xE2\\x80\\x81[removed]alert(1)[removed]\r\n\"`\'&gt;[removed]\\xE2\\x80\\x84[removed]alert(1)[removed]\r\n\"`\'&gt;[removed]\\xE3\\x80\\x80[removed]alert(1)[removed]\r\n\"`\'&gt;[removed]\\x09[removed]alert(1)[removed]\r\n\"`\'&gt;[removed]\\xE2\\x80\\x89[removed]alert(1)[removed]\r\n\"`\'&gt;[removed]\\xE2\\x80\\x85[removed]alert(1)[removed]\r\n\"`\'&gt;[removed]\\xE2\\x80\\x88[removed]alert(1)[removed]\r\n\"`\'&gt;[removed]\\x00[removed]alert(1)[removed]\r\n\"`\'&gt;[removed]\\xE2\\x80\\xA8[removed]alert(1)[removed]\r\n\"`\'&gt;[removed]\\xE2\\x80\\x8A[removed]alert(1)[removed]\r\n\"`\'&gt;[removed]\\xE1\\x9A\\x80[removed]alert(1)[removed]\r\n\"`\'&gt;[removed]\\x0C[removed]alert(1)[removed]\r\n\"`\'&gt;[removed]\\x2B[removed]alert(1)[removed]\r\n\"`\'&gt;[removed]\\xF0\\x90\\x96\\x9A[removed]alert(1)[removed]\r\n\"`\'&gt;[removed]-[removed]alert(1)[removed]\r\n\"`\'&gt;[removed]\\x0A[removed]alert(1)[removed]\r\n\"`\'&gt;[removed]\\xE2\\x80\\xAF[removed]alert(1)[removed]\r\n\"`\'&gt;[removed]\\x7E[removed]alert(1)[removed]\r\n\"`\'&gt;[removed]\\xE2\\x80\\x87[removed]alert(1)[removed]\r\n\"`\'&gt;[removed]\\xE2\\x81\\x9F[removed]alert(1)[removed]\r\n\"`\'&gt;[removed]\\xE2\\x80\\xA9[removed]alert(1)[removed]\r\n\"`\'&gt;[removed]\\xC2\\x85[removed]alert(1)[removed]\r\n\"`\'&gt;[removed]\\xEF\\xBF\\xAE[removed]alert(1)[removed]\r\n\"`\'&gt;[removed]\\xE2\\x80\\x83[removed]alert(1)[removed]\r\n\"`\'&gt;[removed]\\xE2\\x80\\x8B[removed]alert(1)[removed]\r\n\"`\'&gt;[removed]\\xEF\\xBF\\xBE[removed]alert(1)[removed]\r\n\"`\'&gt;[removed]\\xE2\\x80\\x80[removed]alert(1)[removed]\r\n\"`\'&gt;[removed]\\x21[removed]alert(1)[removed]\r\n\"`\'&gt;[removed]\\xE2\\x80\\x82[removed]alert(1)[removed]\r\n\"`\'&gt;[removed]\\xE2\\x80\\x86[removed]alert(1)[removed]\r\n\"`\'&gt;[removed]\\xE1\\xA0\\x8E[removed]alert(1)[removed]\r\n\"`\'&gt;[removed]\\x0B[removed]alert(1)[removed]\r\n\"`\'&gt;[removed]\\x20[removed]alert(1)[removed]\r\n\"`\'&gt;[removed]\\xC2\\xA0[removed]alert(1)[removed]\r\n\r\n\r\n\r\n\r\n\r\n\r\n\r\n\r\n\r\n\r\n\r\n\r\n\r\n\r\n\r\n\r\n\r\n\r\n\r\n\r\n\r\n\r\n\r\n\r\n\r\n\r\n\r\n&lt;[&gt;\r\n&lt; &gt;\r\n&lt; &gt;\r\n&lt; &gt;\r\n&lt; &gt;\r\n&lt; &gt;\r\n\r\n&lt; &gt;&gt;\r\n&lt; &gt;[&gt;\r\n&lt; &gt;\r\n&lt;&gt;&lt;/&gt;&lt;&gt;\r\n&lt; &gt;&lt;/&gt;&lt; &gt;&lt; &gt;&lt;/&gt;\"&gt;\r\n&amp;&gt;[&gt;&lt;&gt;&gt;\r\n&lt; &gt;\r\n&lt;  onmouseover&gt;\r\n\r\n\r\n&lt; &gt;\r\n&lt; &gt;\r\n&lt; &gt;\r\n&lt;&gt;\r\n&lt; &gt;\r\n\r\n&lt;&gt;\r\n &gt;\";\' &gt; &gt;\r\n[&gt;\r\n[&gt; &gt;\r\n&lt;&gt; &gt;\r\n&lt;&gt;\r\n&gt;[</div></div></div></div></div></div></div></div></div></div></div></div></div></div></div></div></div></div></div></div></div></div></div></div></div></div></div>'),
  (39,	48,	40,	'2018-03-11T16:01:30+00:00',	'2018-03-11T16:01:30+00:00',	NULL,	'Ｔｈｅ ｑｕｉｃｋ ｂｒｏｗｎ ｆｏｘ ｊｕｍｐｓ ｏｖｅｒ ｔｈｅ ｌａｚｙ ｄｏｇ\r\n???????????? ???????????????????? ???????????????????? ???????????? ???????????????????? ???????????????? ???????????? ???????????????? ????????????\r\n???????????? ???????????????????? ???????????????????? ???????????? ???????????????????? ???????????????? ???????????? ???????????????? ????????????\r\n???????????? ???????????????????? ???????????????????? ???????????? ???????????????????? ???????????????? ???????????? ???????????????? ????????????\r\n???????????? ???????????????????? ???????????????????? ???????????? ???????????????????? ???????????????? ???????????? ???????????????? ????????????\r\n???????????? ???????????????????? ???????????????????? ???????????? ???????????????????? ???????????????? ???????????? ???????????????? ????????????\r\n???????????? ???????????????????? ???????????????????? ???????????? ???????????????????? ???????????????? ???????????? ???????????????? ????????????\r\n⒯⒣⒠ ⒬⒰⒤⒞⒦ ⒝⒭⒪⒲⒩ ⒡⒪⒳ ⒥⒰⒨⒫⒮ ⒪⒱⒠⒭ ⒯⒣⒠ ⒧⒜⒵⒴ ⒟⒪⒢'),
  (40,	48,	40,	'2018-03-11T16:02:22+00:00',	'2018-03-11T16:02:22+00:00',	NULL,	'˙ɐnbᴉlɐ ɐuƃɐɯ ǝɹolop ʇǝ ǝɹoqɐl ʇn ʇunpᴉpᴉɔuᴉ ɹodɯǝʇ poɯsnᴉǝ op pǝs \'ʇᴉlǝ ƃuᴉɔsᴉdᴉpɐ ɹnʇǝʇɔǝsuoɔ \'ʇǝɯɐ ʇᴉs ɹolop ɯnsdᴉ ɯǝɹo˥\r\n00˙Ɩ$-'),
  (41,	48,	40,	'2018-03-11T16:02:39+00:00',	'2018-03-11T16:02:39+00:00',	NULL,	'Ṱ̺̺̕o͞ ̷i̲̬͇̪͙n̝̗͕v̟̜̘̦͟o̶̙̰̠kè͚̮̺̪̹̱̤ ̖t̝͕̳̣̻̪͞h̼͓̲̦̳̘̲e͇̣̰̦̬͎ ̢̼̻̱̘h͚͎͙̜̣̲ͅi̦̲̣̰̤v̻͍e̺̭̳̪̰-m̢iͅn̖̺̞̲̯̰d̵̼̟͙̩̼̘̳ ̞̥̱̳̭r̛̗̘e͙p͠r̼̞̻̭̗e̺̠̣͟s̘͇̳͍̝͉e͉̥̯̞̲͚̬͜ǹ̬͎͎̟̖͇̤t͍̬̤͓̼̭͘ͅi̪̱n͠g̴͉ ͏͉ͅc̬̟h͡a̫̻̯͘o̫̟̖͍̙̝͉s̗̦̲.̨̹͈̣\r\n̡͓̞ͅI̗̘̦͝n͇͇͙v̮̫ok̲̫̙͈i̖͙̭̹̠̞n̡̻̮̣̺g̲͈͙̭͙̬͎ ̰t͔̦h̞̲e̢̤ ͍̬̲͖f̴̘͕̣è͖ẹ̥̩l͖͔͚i͓͚̦͠n͖͍̗͓̳̮g͍ ̨o͚̪͡f̘̣̬ ̖̘͖̟͙̮c҉͔̫͖͓͇͖ͅh̵̤̣͚͔á̗̼͕ͅo̼̣̥s̱͈̺̖̦̻͢.̛̖̞̠̫̰\r\n̗̺͖̹̯͓Ṯ̤͍̥͇͈h̲́e͏͓̼̗̙̼̣͔ ͇̜̱̠͓͍ͅN͕͠e̗̱z̘̝̜̺͙p̤̺̹͍̯͚e̠̻̠͜r̨̤͍̺̖͔̖̖d̠̟̭̬̝͟i̦͖̩͓͔̤a̠̗̬͉̙n͚͜ ̻̞̰͚ͅh̵͉i̳̞v̢͇ḙ͎͟-҉̭̩̼͔m̤̭̫i͕͇̝̦n̗͙ḍ̟ ̯̲͕͞ǫ̟̯̰̲͙̻̝f ̪̰̰̗̖̭̘͘c̦͍̲̞͍̩̙ḥ͚a̮͎̟̙͜ơ̩̹͎s̤.̝̝ ҉Z̡̖̜͖̰̣͉̜a͖̰͙̬͡l̲̫̳͍̩g̡̟̼̱͚̞̬ͅo̗͜.̟\r\n̦H̬̤̗̤͝e͜ ̜̥̝̻͍̟́w̕h̖̯͓o̝͙̖͎̱̮ ҉̺̙̞̟͈W̷̼̭a̺̪͍į͈͕̭͙̯̜t̶̼̮s̘͙͖̕ ̠̫̠B̻͍͙͉̳ͅe̵h̵̬͇̫͙i̹͓̳̳̮͎̫̕n͟d̴̪̜̖ ̰͉̩͇͙̲͞ͅT͖̼͓̪͢h͏͓̮̻e̬̝̟ͅ ̤̹̝W͙̞̝͔͇͝ͅa͏͓͔̹̼̣l̴͔̰̤̟͔ḽ̫.͕\r\nZ̮̞̠͙͔ͅḀ̗̞͈̻̗Ḷ͙͎̯̹̞͓G̻O̭̗̮\r\n'),
  (42,	48,	40,	'2018-03-11T16:03:02+00:00',	'2018-03-11T16:03:02+00:00',	NULL,	'ثم نفس سقطت وبالتحديد،, جزيرتي باستخدام أن دنو. إذ هنا؟ الستار وتنصيب كان. أهّل ايطاليا، بريطانيا-فرنسا قد أخذ. سليمان، إتفاقية بين ما, يذكر الحدود أي بعد, معاملة بولندا، الإطلاق عل إيو.\r\nבְּרֵאשִׁית, בָּרָא אֱלֹהִים, אֵת הַשָּׁמַיִם, וְאֵת הָאָרֶץ\r\nהָיְתָהtestالصفحات التّحول\r\n﷽\r\nﷺ\r\nمُنَاقَشَةُ سُبُلِ اِسْتِخْدَامِ اللُّغَةِ فِي النُّظُمِ الْقَائِمَةِ وَفِيم يَخُصَّ التَّطْبِيقَاتُ الْحاسُوبِيَّةُ، \r\n'),
  (43,	48,	40,	'2018-03-11T16:03:14+00:00',	'2018-03-11T16:03:14+00:00',	NULL,	'１２３\r\n١٢٣'),
  (44,	48,	40,	'2018-03-11T16:03:26+00:00',	'2018-03-11T16:03:26+00:00',	NULL,	'????\r\n????????\r\n???? ???? ???? ???? ???? ???? ???? ????\r\n???? ???? ???? ????\r\n❤️ ???? ???? ???? ???? ???? ???? ???? ???? ???? ???? ???? ???? ???? ????\r\n✋???? ???????? ???????? ???????? ???????? ????????\r\n???? ???? ???? ???? ???? ???? ???? ????\r\n0️⃣ 1️⃣ 2️⃣ 3️⃣ 4️⃣ 5️⃣ 6️⃣ 7️⃣ 8️⃣ 9️⃣ ????'),
  (45,	48,	40,	'2018-03-11T16:03:48+00:00',	'2018-03-11T16:03:48+00:00',	NULL,	'\'\r\n\"\r\n\'\'\r\n\"\"\r\n\'\"\'\r\n\"\'\'\'\'\"\'\"\r\n\"\'\"\'\"\'\'\'\'\"\r\n\r\n\r\n\r\n\r\n'),
  (46,	48,	40,	'2018-03-11T16:04:15+00:00',	'2018-03-11T16:04:15+00:00',	NULL,	'undefined\r\nundef\r\nnull\r\nNULL\r\n(null)\r\nnil\r\nNIL\r\ntrue\r\nfalse\r\nTrue\r\nFalse\r\nTRUE\r\nFALSE\r\nNone\r\nhasOwnProperty\r\n\\\r\n\\\\'),
  (47,	48,	28,	'2018-03-11T16:35:18+00:00',	'2018-03-11T16:35:18+00:00',	NULL,	'जी माता दी'),
  (48,	52,	28,	'2018-03-11T17:05:54+00:00',	'2018-03-11T17:05:54+00:00',	NULL,	'राम राम भाई'),
  (49,	48,	43,	'2018-03-11T17:43:55+00:00',	'2018-03-11T17:43:55+00:00',	NULL,	'Hanji\r\n');

DROP TABLE IF EXISTS `users`;
CREATE TABLE `users` (
  `id` int(11) NOT NULL AUTO_INCREMENT,
  `email` varchar(255) COLLATE utf8mb4_unicode_ci NOT NULL,
  `pass` varchar(255) COLLATE utf8mb4_unicode_ci NOT NULL,
  `created_at` varchar(255) COLLATE utf8mb4_unicode_ci NOT NULL DEFAULT current_timestamp(),
  `updated_at` varchar(255) COLLATE utf8mb4_unicode_ci NOT NULL DEFAULT current_timestamp(),
  `profile_image` varchar(255) COLLATE utf8mb4_unicode_ci DEFAULT NULL,
  `deleted_at` varchar(255) COLLATE utf8mb4_unicode_ci,
  PRIMARY KEY (`id`),
  UNIQUE KEY `users_id_uindex` (`id`),
  UNIQUE KEY `users_email_uindex` (`email`)
) ENGINE=InnoDB DEFAULT CHARSET=utf8mb4 COLLATE=utf8mb4_unicode_ci COMMENT='all the user data';

INSERT INTO `users` (`id`, `email`, `pass`, `created_at`, `updated_at`, `profile_image`, `deleted_at`) VALUES
  (28,	'gopalindians@gmail.com',	'$2y$10$8JIXeZtAUTYZGSNvAOAms.UJDGYwICTHODoj1X2MZzceLp8KbcUrm',	'2018-02-06T17:28:16+00:00',	'2018-02-06T17:28:16+00:00',	NULL,	''),
  (40,	'gopal_indians@yahoo.com',	'$2y$10$vVV5Y369DjXF/SWn4IrauubDdhRlvVy9e6kbqx9jWmiZWQhpalWyO',	'2018-02-10T06:20:58+00:00',	'2018-02-10T06:20:58+00:00',	NULL,	''),
  (41,	'gopalindians@cueblocks.com',	'$2y$10$glFdakONCbrhzG2TYs7M.uTNdO2icpJGu6oQoacHlQVLF/udDytHq',	'2018-02-25T18:53:19+00:00',	'2018-02-25T18:53:19+00:00',	NULL,	''),
  (42,	'hello@gopal.com',	'$2y$10$3MLzK1ZbJx.gEKq3K3mgCO41qM.m06yZMCesPNWSXEilEWfDijC9m',	'2018-02-25T18:54:39+00:00',	'2018-02-25T18:54:39+00:00',	NULL,	NULL),
  (43,	'g_opalindians@gmail.com',	'$2y$10$vP0oRRgXGIjNYZb4RYefneCsHiwh2MGQq7PPMEU9MdBQclDKCzdr.',	'2018-03-11T17:42:16+00:00',	'2018-03-11T17:42:16+00:00',	NULL,	NULL);

-- 2018-03-11 21:24:24